{"loss": [0.0256607998162508, 0.0010159168159589171, 0.0006539059686474502, 0.0005702488124370575, 0.0005321362987160683, 0.0005146560142748058, 0.0005209201481193304, 0.0004817685403395444, 0.00047679778072051704, 0.00046496547292917967, 0.00043258059304207563, 0.00046411645598709583, 0.00040985652594827116, 0.0004057758778799325, 0.0003828095505014062, 0.0004060440987814218, 0.00040060695027932525, 0.0003569661930669099, 0.00035952043253928423, 0.0003501539758872241, 0.0003389162302482873, 0.00034292388590984046, 0.00033335768966935575, 0.0003125893708784133, 0.0003172100696247071, 0.00031504512298852205, 0.0002976620744448155, 0.00028627700521610677, 0.00029033623286522925, 0.000317546131554991, 0.0002724867081269622, 0.0002765223034657538, 0.0002801652008201927, 0.0002696024312172085, 0.0002679194149095565, 0.00025997337070293725, 0.00026229445938952267, 0.00024861679412424564, 0.00025318164261989295, 0.00025112481671385467, 0.0002576702681835741, 0.00024237346951849759, 0.00024304345424752682, 0.00024195414152927697, 0.00026143674040213227, 0.00023506904835812747, 0.00023121728736441582, 0.00023428717395290732, 0.00022581663506571203, 0.00022611828171648085], "mae": [0.10662032663822174, 0.02481212466955185, 0.02004467137157917, 0.018598582595586777, 0.017936211079359055, 0.017533252015709877, 0.017643840983510017, 0.016906455159187317, 0.016884561628103256, 0.016535213217139244, 0.01601056195795536, 0.016584770753979683, 0.015551531687378883, 0.015382727608084679, 0.014907141216099262, 0.015361910685896873, 0.015225776471197605, 0.014268551021814346, 0.014335359446704388, 0.014122060500085354, 0.013852630741894245, 0.013979684561491013, 0.013730756938457489, 0.013227556832134724, 0.01331681851297617, 0.013274835422635078, 0.012871645390987396, 0.01259531732648611, 0.012726725079119205, 0.01329752616584301, 0.012200594879686832, 0.012344101443886757, 0.012452532537281513, 0.012140913866460323, 0.012116516008973122, 0.011915459297597408, 0.0119587741792202, 0.011578182689845562, 0.011756879277527332, 0.01161880698055029, 0.01182866096496582, 0.011427883990108967, 0.011480489745736122, 0.011416072025895119, 0.011920345015823841, 0.011245197616517544, 0.011105719953775406, 0.01115448959171772, 0.010947523638606071, 0.010960033163428307], "val_loss": [0.055124666541814804, 0.04967564716935158, 0.04397469386458397, 0.042867884039878845, 0.043122317641973495, 0.04246675595641136, 0.04179161787033081, 0.03892035782337189, 0.03856183961033821, 0.03763823211193085, 0.03694060817360878, 0.03661884367465973, 0.03566679731011391, 0.03502877801656723, 0.03394932672381401, 0.03251579776406288, 0.031332433223724365, 0.02952812798321247, 0.030425390228629112, 0.028017742559313774, 0.028005920350551605, 0.026305681094527245, 0.02498425357043743, 0.0238348301500082, 0.02282635308802128, 0.021877862513065338, 0.02122889831662178, 0.02061503194272518, 0.01999257504940033, 0.0186532661318779, 0.017834758386015892, 0.017179438844323158, 0.016867216676473618, 0.01628808118402958, 0.015631720423698425, 0.014399535022675991, 0.014259688556194305, 0.013879723846912384, 0.01261406484991312, 0.013279503211379051, 0.013040684163570404, 0.012584265321493149, 0.012123409658670425, 0.012043335475027561, 0.011784066446125507, 0.011647759936749935, 0.011065438389778137, 0.011081567965447903, 0.01148554589599371, 0.011042611673474312], "val_mae": [0.18973352015018463, 0.17516610026359558, 0.16463050246238708, 0.1608227789402008, 0.16100598871707916, 0.1602569818496704, 0.1586741805076599, 0.15232867002487183, 0.15103965997695923, 0.14898931980133057, 0.14806866645812988, 0.1469630002975464, 0.1441492736339569, 0.1424919217824936, 0.13918308913707733, 0.1373758316040039, 0.13396131992340088, 0.13051864504814148, 0.13156582415103912, 0.1275147646665573, 0.12719424068927765, 0.12354438751935959, 0.12079247087240219, 0.11773214489221573, 0.11474505066871643, 0.1126447468996048, 0.11045072227716446, 0.1092885434627533, 0.10802141577005386, 0.10454711318016052, 0.1032186895608902, 0.10162185877561569, 0.10054957866668701, 0.09890931844711304, 0.09723657369613647, 0.09413927048444748, 0.09366387128829956, 0.09300204366445541, 0.08787719905376434, 0.09067773073911667, 0.09051238000392914, 0.08928943425416946, 0.08872850984334946, 0.08816010504961014, 0.08762925863265991, 0.08757656812667847, 0.08533822000026703, 0.08568296581506729, 0.08719129860401154, 0.08552531898021698]}